{"cameraMode":{"drawMode":0,"name":"Shaded","section":"Shading Mode"},"sceneLighting":true,"audioPlay":false,"sceneViewState":{"showFog":true,"showMaterialUpdate":true,"showSkybox":true,"showFlares":true,"showImageEffects":true,"showParticleSystems":true},"in2DMode":false,"pivot":{"x":147.45858764648438,"y":34.140625,"z":102.298828125},"rotation":{"x":-0.003996219951659441,"y":0.7532798051834106,"z":-0.6578779816627502,"w":-0.004085901193320751},"size":84.7889175415039,"orthographic":true}