{"cameraMode":{"drawMode":0,"name":"Shaded","section":"Shading Mode"},"sceneLighting":true,"audioPlay":false,"sceneViewState":{"showFog":true,"showMaterialUpdate":true,"showSkybox":true,"showFlares":true,"showImageEffects":true,"showParticleSystems":true},"in2DMode":false,"pivot":{"x":150.50418090820313,"y":3.0625,"z":143.578125},"rotation":{"x":0.7352625727653503,"y":-0.004505838267505169,"z":0.004466225393116474,"w":0.6779909729957581},"size":165.77105712890626,"orthographic":true}