{"cameraMode":{"drawMode":0,"name":"Shaded","section":"Shading Mode"},"sceneLighting":true,"audioPlay":false,"sceneViewState":{"showFog":true,"showMaterialUpdate":false,"showSkybox":true,"showFlares":true,"showImageEffects":true,"showParticleSystems":true},"in2DMode":false,"pivot":{"x":162.1083984375,"y":37.62890625,"z":56.26171875},"rotation":{"x":0.48944297432899477,"y":0.12087281048297882,"z":-0.06857442855834961,"w":0.8609843850135803},"size":72.17444610595703,"orthographic":true}