{"cameraMode":{"drawMode":0,"name":"Shaded","section":"Shading Mode"},"sceneLighting":true,"audioPlay":false,"sceneViewState":{"showFog":true,"showMaterialUpdate":false,"showSkybox":true,"showFlares":true,"showImageEffects":true,"showParticleSystems":true},"in2DMode":false,"pivot":{"x":144.267578125,"y":49.484375,"z":141.58262634277345},"rotation":{"x":-0.033146314322948459,"y":0.8987883925437927,"z":-0.43183863162994387,"w":-0.06913256645202637},"size":133.2450714111328,"orthographic":true}