{"cameraMode":{"drawMode":0,"name":"Shaded","section":"Shading Mode"},"sceneLighting":true,"audioPlay":false,"sceneViewState":{"showFog":true,"showMaterialUpdate":true,"showSkybox":true,"showFlares":true,"showImageEffects":true,"showParticleSystems":true},"in2DMode":false,"pivot":{"x":131.88742065429688,"y":108.84375,"z":45.109375},"rotation":{"x":-0.41260769963264468,"y":-0.07676584273576737,"z":0.035321615636348727,"w":-0.9071606397628784},"size":223.57058715820313,"orthographic":true}