{"cameraMode":{"drawMode":0,"name":"Shaded","section":"Shading Mode"},"sceneLighting":true,"audioPlay":false,"sceneViewState":{"showFog":true,"showMaterialUpdate":false,"showSkybox":true,"showFlares":true,"showImageEffects":true,"showParticleSystems":true},"in2DMode":false,"pivot":{"x":114.8974609375,"y":81.8740234375,"z":144.65234375},"rotation":{"x":0.2402428686618805,"y":-0.34701457619667055,"z":0.09261991828680039,"w":0.9018864035606384},"size":63.21074676513672,"orthographic":true}