{"cameraMode":{"drawMode":0,"name":"Shaded","section":"Shading Mode"},"sceneLighting":true,"audioPlay":false,"sceneViewState":{"showFog":true,"showMaterialUpdate":false,"showSkybox":true,"showFlares":true,"showImageEffects":true,"showParticleSystems":true},"in2DMode":false,"pivot":{"x":30.78856658935547,"y":40.731075286865237,"z":40.71114730834961},"rotation":{"x":-0.8291901350021362,"y":-0.1601581573486328,"z":0.2988336384296417,"w":-0.44439831376075747},"size":1.6696641445159913,"orthographic":false}