{"cameraMode":{"drawMode":0,"name":"Shaded","section":"Shading Mode"},"sceneLighting":true,"audioPlay":false,"sceneViewState":{"showFog":true,"showMaterialUpdate":true,"showSkybox":true,"showFlares":true,"showImageEffects":true,"showParticleSystems":true},"in2DMode":false,"pivot":{"x":248.2579345703125,"y":8.2685546875,"z":58.7664794921875},"rotation":{"x":0.460872620344162,"y":-0.2100081890821457,"z":0.11320088058710098,"w":0.8549690246582031},"size":2.3660147190093996,"orthographic":true}