{"cameraMode":{"drawMode":0,"name":"Shaded","section":"Shading Mode"},"sceneLighting":true,"audioPlay":false,"sceneViewState":{"showFog":true,"showMaterialUpdate":false,"showSkybox":true,"showFlares":true,"showImageEffects":true,"showParticleSystems":true},"in2DMode":false,"pivot":{"x":157.6728515625,"y":14.65625,"z":133.9329376220703},"rotation":{"x":0.43797069787979128,"y":-0.5598214864730835,"z":0.4629492163658142,"w":0.5297733545303345},"size":121.49254608154297,"orthographic":true}