{"cameraMode":{"drawMode":0,"name":"Shaded","section":"Shading Mode"},"sceneLighting":true,"audioPlay":false,"sceneViewState":{"showFog":true,"showMaterialUpdate":true,"showSkybox":true,"showFlares":true,"showImageEffects":true,"showParticleSystems":true},"in2DMode":false,"pivot":{"x":3.4013967514038088,"y":10.130616188049317,"z":0.5949923992156982},"rotation":{"x":-0.12231127917766571,"y":-0.8685480356216431,"z":0.2652818262577057,"w":-0.40073269605636599},"size":17.838294982910158,"orthographic":true}