{"cameraMode":{"drawMode":0,"name":"Shaded","section":"Shading Mode"},"sceneLighting":true,"audioPlay":false,"sceneViewState":{"showFog":true,"showMaterialUpdate":true,"showSkybox":true,"showFlares":true,"showImageEffects":true,"showParticleSystems":true},"in2DMode":false,"pivot":{"x":247.03128051757813,"y":6.1127119064331059,"z":59.58237838745117},"rotation":{"x":0.5263450741767883,"y":-0.32083678245544436,"z":0.22303034365177155,"w":0.7553895711898804},"size":1.936524510383606,"orthographic":true}