{"cameraMode":{"drawMode":0,"name":"Shaded","section":"Shading Mode"},"sceneLighting":true,"audioPlay":false,"sceneViewState":{"showFog":false,"showMaterialUpdate":false,"showSkybox":false,"showFlares":false,"showImageEffects":false,"showParticleSystems":false},"in2DMode":false,"pivot":{"x":115.75799560546875,"y":13.828125,"z":104.51953125},"rotation":{"x":-0.00627761660143733,"y":0.7610829472541809,"z":-0.6487601399421692,"w":-0.007267125882208347},"size":70.84109497070313,"orthographic":true}